{
  "frame": {
    "name": "WarpMon Card",
    "version": "1",
    "iconUrl": "https://warp-mon-cardll.vercel.app/icon.png",
    "homeUrl": "https://warp-mon-cardll.vercel.app",
    "imageUrl": "https://warp-mon-cardll.vercel.app/image.png",
    "buttonTitle": "open mini app",
    "splashImageUrl": "https://warp-mon-cardll.vercel.app/splash.png",
    "splashBackgroundColor": "#6200EA",
    "webhookUrl": "https://warp-mon-cardll.vercel.app/api/webhook",
    "subtitle": "Gacha Warpmon",
    "description": "Come to Gacha",
    "primaryCategory": "games",
    "tags": [
      "social"
    ],
    "ogTitle": "WarpMon Card",
    "ogDescription": "Tgc Games"
  }
}